symbol,company_name,stock_id,detail_url
RELIANCE,reliance-industries-ltd,1127,https://trendlyne.com/equity/1127/RELIANCE/reliance-industries-ltd/
BHARTIARTL,bharti-airtel-ltd,187,https://trendlyne.com/equity/187/BHARTIARTL/bharti-airtel-ltd/
HDFCBANK,hdfc-bank-ltd,533,https://trendlyne.com/equity/533/HDFCBANK/hdfc-bank-ltd/
ICICIBANK,icici-bank-ltd,584,https://trendlyne.com/equity/584/ICICIBANK/icici-bank-ltd/
SBIN,state-bank-of-india,1193,https://trendlyne.com/equity/1193/SBIN/state-bank-of-india/
TCS,tata-consultancy-services-ltd,1372,https://trendlyne.com/equity/1372/TCS/tata-consultancy-services-ltd/
BAJFINANCE,bajaj-finance-ltd,150,https://trendlyne.com/equity/150/BAJFINANCE/bajaj-finance-ltd/
LICI,life-insurance-corporation-of-india,829878,https://trendlyne.com/equity/829878/LICI/life-insurance-corporation-of-india/
LT,larsen-toubro-ltd,800,https://trendlyne.com/equity/800/LT/larsen-toubro-ltd/
HINDUNILVR,hindustan-unilever-ltd,560,https://trendlyne.com/equity/560/HINDUNILVR/hindustan-unilever-ltd/
SUNPHARMA,sun-pharmaceutical-industries-ltd,1316,https://trendlyne.com/equity/1316/SUNPHARMA/sun-pharmaceutical-industries-ltd/
INFY,infosys-ltd,630,https://trendlyne.com/equity/630/INFY/infosys-ltd/
ADANIENT,adani-enterprises-ltd,26,https://trendlyne.com/equity/26/ADANIENT/adani-enterprises-ltd/
MARUTI,maruti-suzuki-india-ltd,842,https://trendlyne.com/equity/842/MARUTI/maruti-suzuki-india-ltd/
ADANIPOWER,adani-power-ltd,28,https://trendlyne.com/equity/28/ADANIPOWER/adani-power-ltd/
TITAN,titan-company-ltd,1403,https://trendlyne.com/equity/1403/TITAN/titan-company-ltd/
ADANIPORTS,adani-ports-special-economic-zone-ltd,27,https://trendlyne.com/equity/27/ADANIPORTS/adani-ports-special-economic-zone-ltd/
M&M,mahindra-mahindra-ltd,807,https://trendlyne.com/equity/807/M&M/mahindra-mahindra-ltd/
AXISBANK,axis-bank-ltd,140,https://trendlyne.com/equity/140/AXISBANK/axis-bank-ltd/
KOTAKBANK,kotak-mahindra-bank-ltd,758,https://trendlyne.com/equity/758/KOTAKBANK/kotak-mahindra-bank-ltd/
ULTRACEMCO,ultratech-cement-ltd,1443,https://trendlyne.com/equity/1443/ULTRACEMCO/ultratech-cement-ltd/
ITC,itc-ltd,647,https://trendlyne.com/equity/647/ITC/itc-ltd/
NTPC,ntpc-ltd,959,https://trendlyne.com/equity/959/NTPC/ntpc-ltd/
HCLTECH,hcl-technologies-ltd,531,https://trendlyne.com/equity/531/HCLTECH/hcl-technologies-ltd/
ONGC,oil-and-natural-gas-corporation-ltd,974,https://trendlyne.com/equity/974/ONGC/oil-and-natural-gas-corporation-ltd/
JSWSTEEL,jsw-steel-ltd,699,https://trendlyne.com/equity/699/JSWSTEEL/jsw-steel-ltd/
HAL,hindustan-aeronautics-ltd,80502,https://trendlyne.com/equity/80502/HAL/hindustan-aeronautics-ltd/
BAJAJFINSV,bajaj-finserv-ltd,147,https://trendlyne.com/equity/147/BAJAJFINSV/bajaj-finserv-ltd/
BEL,bharat-electronics-ltd,175,https://trendlyne.com/equity/175/BEL/bharat-electronics-ltd/
BAJAJ-AUTO,bajaj-auto-ltd,144,https://trendlyne.com/equity/144/BAJAJ-AUTO/bajaj-auto-ltd/
NESTLEIND,nestle-india-ltd,930,https://trendlyne.com/equity/930/NESTLEIND/nestle-india-ltd/
ETERNAL,eternal-ltd,589490,https://trendlyne.com/equity/589490/ETERNAL/eternal-ltd/
POWERGRID,power-grid-corporation-of-india-ltd,1057,https://trendlyne.com/equity/1057/POWERGRID/power-grid-corporation-of-india-ltd/
COALINDIA,coal-india-ltd,275,https://trendlyne.com/equity/275/COALINDIA/coal-india-ltd/
DMART,avenue-supermarts-ltd,53208,https://trendlyne.com/equity/53208/DMART/avenue-supermarts-ltd/
ASIANPAINT,asian-paints-ltd,117,https://trendlyne.com/equity/117/ASIANPAINT/asian-paints-ltd/
ADANIGREEN,adani-green-energy-ltd,93115,https://trendlyne.com/equity/93115/ADANIGREEN/adani-green-energy-ltd/
SHRIRAMFIN,shriram-finance-ltd,1288,https://trendlyne.com/equity/1288/SHRIRAMFIN/shriram-finance-ltd/
TATASTEEL,tata-steel-ltd,1366,https://trendlyne.com/equity/1366/TATASTEEL/tata-steel-ltd/
HINDZINC,hindustan-zinc-ltd,561,https://trendlyne.com/equity/561/HINDZINC/hindustan-zinc-ltd/
GRASIM,grasim-industries-ltd,490,https://trendlyne.com/equity/490/GRASIM/grasim-industries-ltd/
HINDALCO,hindalco-industries-ltd,549,https://trendlyne.com/equity/549/HINDALCO/hindalco-industries-ltd/
EICHERMOT,eicher-motors-ltd,360,https://trendlyne.com/equity/360/EICHERMOT/eicher-motors-ltd/
ADANIENSOL,adani-energy-solutions-ltd,1759,https://trendlyne.com/equity/1759/ADANIENSOL/adani-energy-solutions-ltd/
INDIGO,interglobe-aviation-ltd,1784,https://trendlyne.com/equity/1784/INDIGO/interglobe-aviation-ltd/
IOC,indian-oil-corporation-ltd,639,https://trendlyne.com/equity/639/IOC/indian-oil-corporation-ltd/
DIVISLAB,divi-s-laboratories-ltd,336,https://trendlyne.com/equity/336/DIVISLAB/divi-s-laboratories-ltd/
SBILIFE,sbi-life-insurance-company-ltd,60957,https://trendlyne.com/equity/60957/SBILIFE/sbi-life-insurance-company-ltd/
TVSMOTOR,tvs-motor-company-ltd,1430,https://trendlyne.com/equity/1430/TVSMOTOR/tvs-motor-company-ltd/
WIPRO,wipro-ltd,1526,https://trendlyne.com/equity/1526/WIPRO/wipro-ltd/
SOLARINDS,solar-industries-india-ltd,1263,https://trendlyne.com/equity/1263/SOLARINDS/solar-industries-india-ltd/
TORNTPHARM,torrent-pharmaceuticals-ltd,1409,https://trendlyne.com/equity/1409/TORNTPHARM/torrent-pharmaceuticals-ltd/
DLF,dlf-ltd,337,https://trendlyne.com/equity/337/DLF/dlf-ltd/
PIDILITIND,pidilite-industries-ltd,1037,https://trendlyne.com/equity/1037/PIDILITIND/pidilite-industries-ltd/
ABB,abb-india-ltd,17,https://trendlyne.com/equity/17/ABB/abb-india-ltd/
HYUNDAI,hyundai-motor-india-ltd,2710663,https://trendlyne.com/equity/2710663/HYUNDAI/hyundai-motor-india-ltd/
JIOFIN,jio-financial-services-ltd,1564869,https://trendlyne.com/equity/1564869/JIOFIN/jio-financial-services-ltd/
VBL,varun-beverages-ltd,4813,https://trendlyne.com/equity/4813/VBL/varun-beverages-ltd/
ICICIAMC,icici-prudential-asset-management-company-ltd,3356197,https://trendlyne.com/equity/3356197/ICICIAMC/icici-prudential-asset-management-company-ltd/
CUMMINSIND,cummins-india-ltd,297,https://trendlyne.com/equity/297/CUMMINSIND/cummins-india-ltd/
TECHM,tech-mahindra-ltd,1374,https://trendlyne.com/equity/1374/TECHM/tech-mahindra-ltd/
TRENT,trent-ltd,1412,https://trendlyne.com/equity/1412/TRENT/trent-ltd/
MOTHERSON,samvardhana-motherson-international-ltd,878,https://trendlyne.com/equity/878/MOTHERSON/samvardhana-motherson-international-ltd/
TMCV,tata-motors-ltd,3327757,https://trendlyne.com/equity/3327757/TMCV/tata-motors-ltd/
BSE,bse-ltd,52884,https://trendlyne.com/equity/52884/BSE/bse-ltd/
TATACAP,tata-capital-ltd,3279131,https://trendlyne.com/equity/3279131/TATACAP/tata-capital-ltd/
CHOLAFIN,cholamandalam-investment-finance-company-ltd,262,https://trendlyne.com/equity/262/CHOLAFIN/cholamandalam-investment-finance-company-ltd/
IDEA,vodafone-idea-ltd,589,https://trendlyne.com/equity/589/IDEA/vodafone-idea-ltd/
CGPOWER,cg-power-and-industrial-solutions-ltd,293,https://trendlyne.com/equity/293/CGPOWER/cg-power-and-industrial-solutions-ltd/
BHEL,bharat-heavy-electricals-ltd,189,https://trendlyne.com/equity/189/BHEL/bharat-heavy-electricals-ltd/
POWERINDIA,hitachi-energy-india-ltd,202203,https://trendlyne.com/equity/202203/POWERINDIA/hitachi-energy-india-ltd/
BPCL,bharat-petroleum-corporation-ltd,215,https://trendlyne.com/equity/215/BPCL/bharat-petroleum-corporation-ltd/
PFC,power-finance-corporation-ltd,1026,https://trendlyne.com/equity/1026/PFC/power-finance-corporation-ltd/
UNIONBANK,union-bank-of-india,1447,https://trendlyne.com/equity/1447/UNIONBANK/union-bank-of-india/
POLYCAB,polycab-india-ltd,139599,https://trendlyne.com/equity/139599/POLYCAB/polycab-india-ltd/
BRITANNIA,britannia-industries-ltd,220,https://trendlyne.com/equity/220/BRITANNIA/britannia-industries-ltd/
SIEMENS,siemens-ltd,1237,https://trendlyne.com/equity/1237/SIEMENS/siemens-ltd/
GROWW,billionbrains-garage-ventures-ltd,3313690,https://trendlyne.com/equity/3313690/GROWW/billionbrains-garage-ventures-ltd/
PNB,punjab-national-bank,1048,https://trendlyne.com/equity/1048/PNB/punjab-national-bank/
APOLLOHOSP,apollo-hospitals-enterprise-ltd,93,https://trendlyne.com/equity/93/APOLLOHOSP/apollo-hospitals-enterprise-ltd/
BANKBARODA,bank-of-baroda,162,https://trendlyne.com/equity/162/BANKBARODA/bank-of-baroda/
MUTHOOTFIN,muthoot-finance-ltd,897,https://trendlyne.com/equity/897/MUTHOOTFIN/muthoot-finance-ltd/
TMPV,tata-motors-passenger-vehicles-ltd,1362,https://trendlyne.com/equity/1362/TMPV/tata-motors-passenger-vehicles-ltd/
TATAPOWER,tata-power-company-ltd,1364,https://trendlyne.com/equity/1364/TATAPOWER/tata-power-company-ltd/
HDFCLIFE,hdfc-life-insurance-company-ltd,65394,https://trendlyne.com/equity/65394/HDFCLIFE/hdfc-life-insurance-company-ltd/
BOSCHLTD,bosch-ltd,214,https://trendlyne.com/equity/214/BOSCHLTD/bosch-ltd/
ENRIN,siemens-energy-india-ltd,3145560,https://trendlyne.com/equity/3145560/ENRIN/siemens-energy-india-ltd/
LTM,ltm-ltd,4596,https://trendlyne.com/equity/4596/LTM/ltm-ltd/
LODHA,lodha-developers-ltd,460813,https://trendlyne.com/equity/460813/LODHA/lodha-developers-ltd/
GMRAIRPORT,gmr-airports-ltd,472,https://trendlyne.com/equity/472/GMRAIRPORT/gmr-airports-ltd/
BAJAJHLDNG,bajaj-holdings-investment-ltd,149,https://trendlyne.com/equity/149/BAJAJHLDNG/bajaj-holdings-investment-ltd/
CIPLA,cipla-ltd,268,https://trendlyne.com/equity/268/CIPLA/cipla-ltd/
CANBK,canara-bank,232,https://trendlyne.com/equity/232/CANBK/canara-bank/
IRFC,indian-railway-finance-corporation-ltd,402503,https://trendlyne.com/equity/402503/IRFC/indian-railway-finance-corporation-ltd/
INDIANB,indian-bank,609,https://trendlyne.com/equity/609/INDIANB/indian-bank/
GVT&D,ge-vernova-t-d-india-ltd,67,https://trendlyne.com/equity/67/GVT&D/ge-vernova-t-d-india-ltd/
ZYDUSLIFE,zydus-lifesciences-ltd,229,https://trendlyne.com/equity/229/ZYDUSLIFE/zydus-lifesciences-ltd/
LUPIN,lupin-ltd,804,https://trendlyne.com/equity/804/LUPIN/lupin-ltd/
GAIL,gail-india-ltd,431,https://trendlyne.com/equity/431/GAIL/gail-india-ltd/
ABCAPITAL,aditya-birla-capital-ltd,61684,https://trendlyne.com/equity/61684/ABCAPITAL/aditya-birla-capital-ltd/
MARICO,marico-ltd,840,https://trendlyne.com/equity/840/MARICO/marico-ltd/
HDFCAMC,hdfc-asset-management-company-ltd,94155,https://trendlyne.com/equity/94155/HDFCAMC/hdfc-asset-management-company-ltd/
LLOYDSME,lloyds-metals-energy-ltd,2582,https://trendlyne.com/equity/2582/LLOYDSME/lloyds-metals-energy-ltd/
AMBUJACEM,ambuja-cements-ltd,71,https://trendlyne.com/equity/71/AMBUJACEM/ambuja-cements-ltd/
GODREJCP,godrej-consumer-products-ltd,476,https://trendlyne.com/equity/476/GODREJCP/godrej-consumer-products-ltd/
MAXHEALTH,max-healthcare-institute-ltd,276825,https://trendlyne.com/equity/276825/MAXHEALTH/max-healthcare-institute-ltd/
JINDALSTEL,jindal-steel-ltd,677,https://trendlyne.com/equity/677/JINDALSTEL/jindal-steel-ltd/
TATACONSUM,tata-consumer-products-ltd,1359,https://trendlyne.com/equity/1359/TATACONSUM/tata-consumer-products-ltd/
INDUSTOWER,indus-towers-ltd,629,https://trendlyne.com/equity/629/INDUSTOWER/indus-towers-ltd/
MANKIND,mankind-pharma-ltd,1436676,https://trendlyne.com/equity/1436676/MANKIND/mankind-pharma-ltd/
LGEINDIA,lg-electronics-india-ltd,3280897,https://trendlyne.com/equity/3280897/LGEINDIA/lg-electronics-india-ltd/
BHARATFORG,bharat-forge-ltd,184,https://trendlyne.com/equity/184/BHARATFORG/bharat-forge-ltd/
INDHOTEL,indian-hotels-company-ltd,606,https://trendlyne.com/equity/606/INDHOTEL/indian-hotels-company-ltd/
JSWENERGY,jsw-energy-ltd,697,https://trendlyne.com/equity/697/JSWENERGY/jsw-energy-ltd/
VEDL,vedanta-ltd,1289,https://trendlyne.com/equity/1289/VEDL/vedanta-ltd/
OFSS,oracle-financial-services-software-ltd,964,https://trendlyne.com/equity/964/OFSS/oracle-financial-services-software-ltd/
UNITDSPR,united-spirits-ltd,851,https://trendlyne.com/equity/851/UNITDSPR/united-spirits-ltd/
HEROMOTOCO,hero-motocorp-ltd,540,https://trendlyne.com/equity/540/HEROMOTOCO/hero-motocorp-ltd/
DRREDDY,dr-reddy-s-laboratories-ltd,346,https://trendlyne.com/equity/346/DRREDDY/dr-reddy-s-laboratories-ltd/
SHREECEM,shree-cements-ltd,1226,https://trendlyne.com/equity/1226/SHREECEM/shree-cements-ltd/
LENSKART,lenskart-solutions-ltd,3309492,https://trendlyne.com/equity/3309492/LENSKART/lenskart-solutions-ltd/
RECLTD,rec-ltd,1119,https://trendlyne.com/equity/1119/RECLTD/rec-ltd/
MAZDOCK,mazagon-dock-shipbuilders-ltd,305195,https://trendlyne.com/equity/305195/MAZDOCK/mazagon-dock-shipbuilders-ltd/
NYKAA,fsn-e-commerce-ventures-ltd,705188,https://trendlyne.com/equity/705188/NYKAA/fsn-e-commerce-ventures-ltd/
IDBI,idbi-bank-ltd,588,https://trendlyne.com/equity/588/IDBI/idbi-bank-ltd/
AUROPHARMA,aurobindo-pharma-ltd,132,https://trendlyne.com/equity/132/AUROPHARMA/aurobindo-pharma-ltd/
ASHOKLEY,ashok-leyland-ltd,114,https://trendlyne.com/equity/114/ASHOKLEY/ashok-leyland-ltd/
MEESHO,meesho-ltd,3346816,https://trendlyne.com/equity/3346816/MEESHO/meesho-ltd/
FEDERALBNK,federal-bank-ltd,412,https://trendlyne.com/equity/412/FEDERALBNK/federal-bank-ltd/
SRF,srf-ltd,1283,https://trendlyne.com/equity/1283/SRF/srf-ltd/
HINDPETRO,hindustan-petroleum-corporation-ltd,556,https://trendlyne.com/equity/556/HINDPETRO/hindustan-petroleum-corporation-ltd/
DIXON,dixon-technologies-india-ltd,60393,https://trendlyne.com/equity/60393/DIXON/dixon-technologies-india-ltd/
LAURUSLABS,laurus-labs-ltd,4984,https://trendlyne.com/equity/4984/LAURUSLABS/laurus-labs-ltd/
PAYTM,one97-communications-ltd,712312,https://trendlyne.com/equity/712312/PAYTM/one97-communications-ltd/
INDUSINDBK,indusind-bank-ltd,625,https://trendlyne.com/equity/625/INDUSINDBK/indusind-bank-ltd/
BHARTIHEXA,bharti-hexacom-ltd,2170198,https://trendlyne.com/equity/2170198/BHARTIHEXA/bharti-hexacom-ltd/
PERSISTENT,persistent-systems-ltd,1023,https://trendlyne.com/equity/1023/PERSISTENT/persistent-systems-ltd/
ICICIGI,icici-lombard-general-insurance-company-ltd,61147,https://trendlyne.com/equity/61147/ICICIGI/icici-lombard-general-insurance-company-ltd/
NHPC,nhpc-ltd,938,https://trendlyne.com/equity/938/NHPC/nhpc-ltd/
JSWINFRA,jsw-infrastructure-ltd,1698179,https://trendlyne.com/equity/1698179/JSWINFRA/jsw-infrastructure-ltd/
WAAREEENER,waaree-energies-ltd,2723026,https://trendlyne.com/equity/2723026/WAAREEENER/waaree-energies-ltd/
NAUKRI,info-edge-india-ltd,913,https://trendlyne.com/equity/913/NAUKRI/info-edge-india-ltd/
NTPCGREEN,ntpc-green-energy-ltd,2789016,https://trendlyne.com/equity/2789016/NTPCGREEN/ntpc-green-energy-ltd/
ATGL,adani-total-gas-ltd,114071,https://trendlyne.com/equity/114071/ATGL/adani-total-gas-ltd/
LTF,l-t-finance-ltd,777,https://trendlyne.com/equity/777/LTF/l-t-finance-ltd/
HAVELLS,havells-india-ltd,525,https://trendlyne.com/equity/525/HAVELLS/havells-india-ltd/
DABUR,dabur-india-ltd,303,https://trendlyne.com/equity/303/DABUR/dabur-india-ltd/
AUBANK,au-small-finance-bank-ltd,54902,https://trendlyne.com/equity/54902/AUBANK/au-small-finance-bank-ltd/
SWIGGY,swiggy-ltd,2755533,https://trendlyne.com/equity/2755533/SWIGGY/swiggy-ltd/
PHOENIXLTD,phoenix-mills-ltd,1036,https://trendlyne.com/equity/1036/PHOENIXLTD/phoenix-mills-ltd/
NAM-INDIA,nippon-life-india-asset-management-ltd,64356,https://trendlyne.com/equity/64356/NAM-INDIA/nippon-life-india-asset-management-ltd/
NMDC,nmdc-ltd,949,https://trendlyne.com/equity/949/NMDC/nmdc-ltd/
PRESTIGE,prestige-estates-projects-ltd,1071,https://trendlyne.com/equity/1071/PRESTIGE/prestige-estates-projects-ltd/
FORTIS,fortis-healthcare-ltd,424,https://trendlyne.com/equity/424/FORTIS/fortis-healthcare-ltd/
SUZLON,suzlon-energy-ltd,1337,https://trendlyne.com/equity/1337/SUZLON/suzlon-energy-ltd/
ICICIPRULI,icici-prudential-life-insurance-company-ltd,4714,https://trendlyne.com/equity/4714/ICICIPRULI/icici-prudential-life-insurance-company-ltd/
YESBANK,yes-bank-ltd,1535,https://trendlyne.com/equity/1535/YESBANK/yes-bank-ltd/
TORNTPOWER,torrent-power-ltd,1410,https://trendlyne.com/equity/1410/TORNTPOWER/torrent-power-ltd/
OIL,oil-india-ltd,965,https://trendlyne.com/equity/965/OIL/oil-india-ltd/
POLICYBZR,pb-fintech-ltd,710819,https://trendlyne.com/equity/710819/POLICYBZR/pb-fintech-ltd/
BIOCON,biocon-ltd,197,https://trendlyne.com/equity/197/BIOCON/biocon-ltd/
BAJAJHFL,bajaj-housing-finance-ltd,2607004,https://trendlyne.com/equity/2607004/BAJAJHFL/bajaj-housing-finance-ltd/
MCX,multi-commodity-exchange-of-india-ltd,853,https://trendlyne.com/equity/853/MCX/multi-commodity-exchange-of-india-ltd/
IDFCFIRSTB,idfc-first-bank-ltd,1786,https://trendlyne.com/equity/1786/IDFCFIRSTB/idfc-first-bank-ltd/
OBEROIRLTY,oberoi-realty-ltd,962,https://trendlyne.com/equity/962/OBEROIRLTY/oberoi-realty-ltd/
ALKEM,alkem-laboratories-ltd,1878,https://trendlyne.com/equity/1878/ALKEM/alkem-laboratories-ltd/
IOB,indian-overseas-bank,638,https://trendlyne.com/equity/638/IOB/indian-overseas-bank/
SAIL,steel-authority-of-india-sail-ltd,1165,https://trendlyne.com/equity/1165/SAIL/steel-authority-of-india-sail-ltd/
BANKINDIA,bank-of-india,163,https://trendlyne.com/equity/163/BANKINDIA/bank-of-india/
UNOMINDA,uno-minda-ltd,864,https://trendlyne.com/equity/864/UNOMINDA/uno-minda-ltd/
COFORGE,coforge-ltd,942,https://trendlyne.com/equity/942/COFORGE/coforge-ltd/
SCHAEFFLER,schaeffler-india-ltd,406,https://trendlyne.com/equity/406/SCHAEFFLER/schaeffler-india-ltd/
GODREJPROP,godrej-properties-ltd,478,https://trendlyne.com/equity/478/GODREJPROP/godrej-properties-ltd/
GICRE,general-insurance-corporation-of-india,63527,https://trendlyne.com/equity/63527/GICRE/general-insurance-corporation-of-india/
GLENMARK,glenmark-pharmaceuticals-ltd,464,https://trendlyne.com/equity/464/GLENMARK/glenmark-pharmaceuticals-ltd/
NATIONALUM,national-aluminium-company-ltd,911,https://trendlyne.com/equity/911/NATIONALUM/national-aluminium-company-ltd/
MAHABANK,bank-of-maharashtra,815,https://trendlyne.com/equity/815/MAHABANK/bank-of-maharashtra/
SBICARD,sbi-cards-and-payment-services-ltd,188792,https://trendlyne.com/equity/188792/SBICARD/sbi-cards-and-payment-services-ltd/
ABBOTINDIA,abbott-india-ltd,18,https://trendlyne.com/equity/18/ABBOTINDIA/abbott-india-ltd/
JSL,jindal-stainless-ltd,696,https://trendlyne.com/equity/696/JSL/jindal-stainless-ltd/
COROMANDEL,coromandel-international-ltd,284,https://trendlyne.com/equity/284/COROMANDEL/coromandel-international-ltd/
HDBFS,hdb-financial-services-ltd,3147463,https://trendlyne.com/equity/3147463/HDBFS/hdb-financial-services-ltd/
KALYANKJIL,kalyan-jewellers-india-ltd,447071,https://trendlyne.com/equity/447071/KALYANKJIL/kalyan-jewellers-india-ltd/
LINDEINDIA,linde-india-ltd,791,https://trendlyne.com/equity/791/LINDEINDIA/linde-india-ltd/
BERGEPAINT,berger-paints-india-ltd,178,https://trendlyne.com/equity/178/BERGEPAINT/berger-paints-india-ltd/
MOTILALOFS,motilal-oswal-financial-services-ltd,879,https://trendlyne.com/equity/879/MOTILALOFS/motilal-oswal-financial-services-ltd/
THERMAX,thermax-ltd,1387,https://trendlyne.com/equity/1387/THERMAX/thermax-ltd/
COLPAL,colgate-palmolive-india-ltd,276,https://trendlyne.com/equity/276/COLPAL/colgate-palmolive-india-ltd/
MRF,mrf-ltd,883,https://trendlyne.com/equity/883/MRF/mrf-ltd/
TIINDIA,tube-investments-of-india-ltd,67548,https://trendlyne.com/equity/67548/TIINDIA/tube-investments-of-india-ltd/
APARINDS,apar-industries-ltd,88,https://trendlyne.com/equity/88/APARINDS/apar-industries-ltd/
RADICO,radico-khaitan-ltd,1090,https://trendlyne.com/equity/1090/RADICO/radico-khaitan-ltd/
FACT,the-fertilisers-and-chemicals-travancore-ltd,405,https://trendlyne.com/equity/405/FACT/the-fertilisers-and-chemicals-travancore-ltd/
VMM,vishal-mega-mart-ltd,2839786,https://trendlyne.com/equity/2839786/VMM/vishal-mega-mart-ltd/
MFSL,max-financial-services-ltd,845,https://trendlyne.com/equity/845/MFSL/max-financial-services-ltd/
UPL,upl-ltd,1455,https://trendlyne.com/equity/1455/UPL/upl-ltd/
TATACOMM,tata-communications-ltd,1357,https://trendlyne.com/equity/1357/TATACOMM/tata-communications-ltd/
FLUOROCHEM,gujarat-fluorochemicals-ltd,169265,https://trendlyne.com/equity/169265/FLUOROCHEM/gujarat-fluorochemicals-ltd/
APLAPOLLO,apl-apollo-tubes-ltd,91,https://trendlyne.com/equity/91/APLAPOLLO/apl-apollo-tubes-ltd/
PIRAMALFIN,piramal-finance-ltd,3322124,https://trendlyne.com/equity/3322124/PIRAMALFIN/piramal-finance-ltd/
SUNDARMFIN,sundaram-finance-ltd,1311,https://trendlyne.com/equity/1311/SUNDARMFIN/sundaram-finance-ltd/
ATHERENERG,ather-energy-ltd,3080909,https://trendlyne.com/equity/3080909/ATHERENERG/ather-energy-ltd/
M&MFIN,mahindra-mahindra-financial-services-ltd,808,https://trendlyne.com/equity/808/M&MFIN/mahindra-mahindra-financial-services-ltd/
HINDCOPPER,hindustan-copper-ltd,551,https://trendlyne.com/equity/551/HINDCOPPER/hindustan-copper-ltd/
KEI,kei-industries-ltd,729,https://trendlyne.com/equity/729/KEI/kei-industries-ltd/
PREMIERENE,premier-energies-ltd,2571009,https://trendlyne.com/equity/2571009/PREMIERENE/premier-energies-ltd/
AIIL,authum-investment-infrastructure-ltd,4204,https://trendlyne.com/equity/4204/AIIL/authum-investment-infrastructure-ltd/
RVNL,rail-vikas-nigam-ltd,139596,https://trendlyne.com/equity/139596/RVNL/rail-vikas-nigam-ltd/
BDL,bharat-dynamics-ltd,80210,https://trendlyne.com/equity/80210/BDL/bharat-dynamics-ltd/
GODREJIND,godrej-industries-ltd,477,https://trendlyne.com/equity/477/GODREJIND/godrej-industries-ltd/
AEGISLOG,aegis-logistics-ltd,35,https://trendlyne.com/equity/35/AEGISLOG/aegis-logistics-ltd/
SONACOMS,sona-blw-precision-forgings-ltd,547977,https://trendlyne.com/equity/547977/SONACOMS/sona-blw-precision-forgings-ltd/
360ONE,360-one-wam-ltd,166089,https://trendlyne.com/equity/166089/360ONE/360-one-wam-ltd/
IPCALAB,ipca-laboratories-ltd,642,https://trendlyne.com/equity/642/IPCALAB/ipca-laboratories-ltd/
MPHASIS,mphasis-ltd,881,https://trendlyne.com/equity/881/MPHASIS/mphasis-ltd/
VOLTAS,voltas-ltd,1500,https://trendlyne.com/equity/1500/VOLTAS/voltas-ltd/
PAGEIND,page-industries-ltd,994,https://trendlyne.com/equity/994/PAGEIND/page-industries-ltd/
AJANTPHARM,ajanta-pharma-ltd,49,https://trendlyne.com/equity/49/AJANTPHARM/ajanta-pharma-ltd/
ANTHEM,anthem-biosciences-ltd,3161384,https://trendlyne.com/equity/3161384/ANTHEM/anthem-biosciences-ltd/
JKCEMENT,jk-cement-ltd,683,https://trendlyne.com/equity/683/JKCEMENT/jk-cement-ltd/
AIAENG,aia-engineering-ltd,46,https://trendlyne.com/equity/46/AIAENG/aia-engineering-ltd/
SUPREMEIND,supreme-industries-ltd,1324,https://trendlyne.com/equity/1324/SUPREMEIND/supreme-industries-ltd/
WELCORP,welspun-corp-ltd,1514,https://trendlyne.com/equity/1514/WELCORP/welspun-corp-ltd/
GLAXO,glaxosmithkline-pharmaceuticals-ltd,463,https://trendlyne.com/equity/463/GLAXO/glaxosmithkline-pharmaceuticals-ltd/
ASTERDM,aster-dm-healthcare-ltd,77534,https://trendlyne.com/equity/77534/ASTERDM/aster-dm-healthcare-ltd/
CPPLUS,aditya-infotech-ltd,3195212,https://trendlyne.com/equity/3195212/CPPLUS/aditya-infotech-ltd/
PETRONET,petronet-lng-ltd,1025,https://trendlyne.com/equity/1025/PETRONET/petronet-lng-ltd/
GLAND,gland-pharma-ltd,338662,https://trendlyne.com/equity/338662/GLAND/gland-pharma-ltd/
NLCINDIA,nlc-india-ltd,935,https://trendlyne.com/equity/935/NLCINDIA/nlc-india-ltd/
POONAWALLA,poonawalla-fincorp-ltd,813,https://trendlyne.com/equity/813/POONAWALLA/poonawalla-fincorp-ltd/
NH,narayana-hrudayalaya-ltd,1886,https://trendlyne.com/equity/1886/NH/narayana-hrudayalaya-ltd/
PIIND,pi-industries-ltd,1038,https://trendlyne.com/equity/1038/PIIND/pi-industries-ltd/
NAVINFLUOR,navin-fluorine-international-ltd,914,https://trendlyne.com/equity/914/NAVINFLUOR/navin-fluorine-international-ltd/
HSCL,himadri-speciality-chemical-ltd,529,https://trendlyne.com/equity/529/HSCL/himadri-speciality-chemical-ltd/
HUDCO,housing-and-urban-development-corporation-ltd,54143,https://trendlyne.com/equity/54143/HUDCO/housing-and-urban-development-corporation-ltd/
IRCTC,indian-railway-catering-tourism-corporation-ltd,167028,https://trendlyne.com/equity/167028/IRCTC/indian-railway-catering-tourism-corporation-ltd/
3MINDIA,3m-india-ltd,10,https://trendlyne.com/equity/10/3MINDIA/3m-india-ltd/
BALKRISIND,balkrishna-industries-ltd,153,https://trendlyne.com/equity/153/BALKRISIND/balkrishna-industries-ltd/
PWL,physicswallah-ltd,3321514,https://trendlyne.com/equity/3321514/PWL/physicswallah-ltd/
ENDURANCE,endurance-technologies-ltd,4797,https://trendlyne.com/equity/4797/ENDURANCE/endurance-technologies-ltd/
ASTRAL,astral-ltd,122,https://trendlyne.com/equity/122/ASTRAL/astral-ltd/
EXIDEIND,exide-industries-ltd,404,https://trendlyne.com/equity/404/EXIDEIND/exide-industries-ltd/
KPRMILL,kpr-mill-ltd,764,https://trendlyne.com/equity/764/KPRMILL/kpr-mill-ltd/
CONCOR,container-corporation-of-india-ltd,279,https://trendlyne.com/equity/279/CONCOR/container-corporation-of-india-ltd/
UBL,united-breweries-ltd,1437,https://trendlyne.com/equity/1437/UBL/united-breweries-ltd/
PATANJALI,patanjali-foods-ltd,1157,https://trendlyne.com/equity/1157/PATANJALI/patanjali-foods-ltd/
COCHINSHIP,cochin-shipyard-ltd,57095,https://trendlyne.com/equity/57095/COCHINSHIP/cochin-shipyard-ltd/
EMCURE,emcure-pharmaceuticals-ltd,2393790,https://trendlyne.com/equity/2393790/EMCURE/emcure-pharmaceuticals-ltd/
DELHIVERY,delhivery-ltd,888524,https://trendlyne.com/equity/888524/DELHIVERY/delhivery-ltd/
MEDANTA,global-health-ltd,1108489,https://trendlyne.com/equity/1108489/MEDANTA/global-health-ltd/
LTTS,l-t-technology-services-ltd,4708,https://trendlyne.com/equity/4708/LTTS/l-t-technology-services-ltd/
BLUESTARCO,blue-star-ltd,209,https://trendlyne.com/equity/209/BLUESTARCO/blue-star-ltd/
DALBHARAT,dalmia-bharat-ltd,120412,https://trendlyne.com/equity/120412/DALBHARAT/dalmia-bharat-ltd/
ANANDRATHI,anand-rathi-wealth-ltd,747241,https://trendlyne.com/equity/747241/ANANDRATHI/anand-rathi-wealth-ltd/
STARHEALTH,star-health-and-allied-insurance-company-ltd,746520,https://trendlyne.com/equity/746520/STARHEALTH/star-health-and-allied-insurance-company-ltd/
NUVAMA,nuvama-wealth-management-ltd,1715909,https://trendlyne.com/equity/1715909/NUVAMA/nuvama-wealth-management-ltd/
ITCHOTELS,itc-hotels-ltd,2956218,https://trendlyne.com/equity/2956218/ITCHOTELS/itc-hotels-ltd/
HONAUT,honeywell-automation-india-ltd,569,https://trendlyne.com/equity/569/HONAUT/honeywell-automation-india-ltd/
HEXT,hexaware-technologies-ltd,2974675,https://trendlyne.com/equity/2974675/HEXT/hexaware-technologies-ltd/
IREDA,indian-renewable-energy-development-agency-ltd,1791996,https://trendlyne.com/equity/1791996/IREDA/indian-renewable-energy-development-agency-ltd/
UCOBANK,uco-bank,1439,https://trendlyne.com/equity/1439/UCOBANK/uco-bank/
BANDHANBNK,bandhan-bank-ltd,79883,https://trendlyne.com/equity/79883/BANDHANBNK/bandhan-bank-ltd/
HFCL,hfcl-ltd,543,https://trendlyne.com/equity/543/HFCL/hfcl-ltd/
KIMS,krishna-institute-of-medical-sciences-ltd,555690,https://trendlyne.com/equity/555690/KIMS/krishna-institute-of-medical-sciences-ltd/
GODFRYPHLP,godfrey-phillips-india-ltd,475,https://trendlyne.com/equity/475/GODFRYPHLP/godfrey-phillips-india-ltd/
TATAINVEST,tata-investment-corporation-ltd,1360,https://trendlyne.com/equity/1360/TATAINVEST/tata-investment-corporation-ltd/
ESCORTS,escorts-kubota-ltd,387,https://trendlyne.com/equity/387/ESCORTS/escorts-kubota-ltd/
KARURVYSYA,karur-vysya-bank-ltd,721,https://trendlyne.com/equity/721/KARURVYSYA/karur-vysya-bank-ltd/
SCHNEIDER,schneider-electric-infrastructure-ltd,1195,https://trendlyne.com/equity/1195/SCHNEIDER/schneider-electric-infrastructure-ltd/
IKS,inventurus-knowledge-solutions-ltd,2842042,https://trendlyne.com/equity/2842042/IKS/inventurus-knowledge-solutions-ltd/
KIRLOSENG,kirloskar-oil-engines-ltd,745,https://trendlyne.com/equity/745/KIRLOSENG/kirloskar-oil-engines-ltd/
AEGISVOPAK,aegis-vopak-terminals-ltd,3113228,https://trendlyne.com/equity/3113228/AEGISVOPAK/aegis-vopak-terminals-ltd/
CRISIL,crisil-ltd,292,https://trendlyne.com/equity/292/CRISIL/crisil-ltd/
MRPL,mangalore-refinery-and-petrochemicals-ltd,885,https://trendlyne.com/equity/885/MRPL/mangalore-refinery-and-petrochemicals-ltd/
WOCKPHARMA,wockhardt-ltd,1527,https://trendlyne.com/equity/1527/WOCKPHARMA/wockhardt-ltd/
ABSLAMC,aditya-birla-sun-life-amc-ltd,674158,https://trendlyne.com/equity/674158/ABSLAMC/aditya-birla-sun-life-amc-ltd/
LICHSGFIN,lic-housing-finance-ltd,790,https://trendlyne.com/equity/790/LICHSGFIN/lic-housing-finance-ltd/
ACUTAAS,acutaas-chemicals-ltd,644637,https://trendlyne.com/equity/644637/ACUTAAS/acutaas-chemicals-ltd/
GRSE,garden-reach-shipbuilders-engineers-ltd,105874,https://trendlyne.com/equity/105874/GRSE/garden-reach-shipbuilders-engineers-ltd/
MANAPPURAM,manappuram-finance-ltd,827,https://trendlyne.com/equity/827/MANAPPURAM/manappuram-finance-ltd/
SHYAMMETL,shyam-metalics-and-energy-ltd,546490,https://trendlyne.com/equity/546490/SHYAMMETL/shyam-metalics-and-energy-ltd/
TATATECH,tata-technologies-ltd,1792699,https://trendlyne.com/equity/1792699/TATATECH/tata-technologies-ltd/
ANGELONE,angel-one-ltd,300864,https://trendlyne.com/equity/300864/ANGELONE/angel-one-ltd/
NIACL,the-new-india-assurance-company-ltd,65182,https://trendlyne.com/equity/65182/NIACL/the-new-india-assurance-company-ltd/
CHOLAHLDNG,cholamandalam-financial-holdings-ltd,1424,https://trendlyne.com/equity/1424/CHOLAHLDNG/cholamandalam-financial-holdings-ltd/
CENTRALBK,central-bank-of-india,250,https://trendlyne.com/equity/250/CENTRALBK/central-bank-of-india/
LALPATHLAB,dr-lal-pathlabs-ltd,1877,https://trendlyne.com/equity/1877/LALPATHLAB/dr-lal-pathlabs-ltd/
CDSL,central-depository-services-india-ltd,53219,https://trendlyne.com/equity/53219/CDSL/central-depository-services-india-ltd/
PNBHOUSING,pnb-housing-finance-ltd,4826,https://trendlyne.com/equity/4826/PNBHOUSING/pnb-housing-finance-ltd/
JUBLFOOD,jubilant-foodworks-ltd,701,https://trendlyne.com/equity/701/JUBLFOOD/jubilant-foodworks-ltd/
CEMPRO,cemindia-projects-ltd,648,https://trendlyne.com/equity/648/CEMPRO/cemindia-projects-ltd/
ITI,iti-ltd,649,https://trendlyne.com/equity/649/ITI/iti-ltd/
SAILIFE,sai-life-science-ltd,2840733,https://trendlyne.com/equity/2840733/SAILIFE/sai-life-science-ltd/
ZFCVINDIA,zf-commercial-vehicle-control-systems-india-ltd,1508,https://trendlyne.com/equity/1508/ZFCVINDIA/zf-commercial-vehicle-control-systems-india-ltd/
APOLLOTYRE,apollo-tyres-ltd,94,https://trendlyne.com/equity/94/APOLLOTYRE/apollo-tyres-ltd/
SUMICHEM,sumitomo-chemical-india-ltd,182906,https://trendlyne.com/equity/182906/SUMICHEM/sumitomo-chemical-india-ltd/
SJVN,sjvn-ltd,1250,https://trendlyne.com/equity/1250/SJVN/sjvn-ltd/
AMBER,amber-enterprises-india-ltd,73518,https://trendlyne.com/equity/73518/AMBER/amber-enterprises-india-ltd/
PTCIL,ptc-industries-ltd,4156,https://trendlyne.com/equity/4156/PTCIL/ptc-industries-ltd/
MSUMI,motherson-sumi-wiring-india-ltd,856676,https://trendlyne.com/equity/856676/MSUMI/motherson-sumi-wiring-india-ltd/
RRKABEL,r-r-kabel-ltd,1681351,https://trendlyne.com/equity/1681351/RRKABEL/r-r-kabel-ltd/
SYRMA,syrma-sgs-technology-ltd,995074,https://trendlyne.com/equity/995074/SYRMA/syrma-sgs-technology-ltd/
GABRIEL,gabriel-india-ltd,429,https://trendlyne.com/equity/429/GABRIEL/gabriel-india-ltd/
ACMESOLAR,acme-solar-holdings-ltd,2759890,https://trendlyne.com/equity/2759890/ACMESOLAR/acme-solar-holdings-ltd/
GODIGIT,go-digit-general-insurance-ltd,2266638,https://trendlyne.com/equity/2266638/GODIGIT/go-digit-general-insurance-ltd/
NBCC,nbcc-india-ltd,916,https://trendlyne.com/equity/916/NBCC/nbcc-india-ltd/
ACC,acc-ltd,22,https://trendlyne.com/equity/22/ACC/acc-ltd/
GILLETTE,gillette-india-ltd,456,https://trendlyne.com/equity/456/GILLETTE/gillette-india-ltd/
AWL,awl-agri-business-ltd,755501,https://trendlyne.com/equity/755501/AWL/awl-agri-business-ltd/
PPLPHARMA,piramal-pharma-ltd,1093348,https://trendlyne.com/equity/1093348/PPLPHARMA/piramal-pharma-ltd/
CREDITACC,creditaccess-grameen-ltd,100478,https://trendlyne.com/equity/100478/CREDITACC/creditaccess-grameen-ltd/
CRAFTSMAN,craftsman-automation-ltd,445359,https://trendlyne.com/equity/445359/CRAFTSMAN/craftsman-automation-ltd/
IIFL,iifl-finance-ltd,598,https://trendlyne.com/equity/598/IIFL/iifl-finance-ltd/
NETWEB,netweb-technologies-india-ltd,1544933,https://trendlyne.com/equity/1544933/NETWEB/netweb-technologies-india-ltd/
NEULANDLAB,neuland-laboratories-ltd,933,https://trendlyne.com/equity/933/NEULANDLAB/neuland-laboratories-ltd/
IRB,irb-infrastructure-developers-ltd,644,https://trendlyne.com/equity/644/IRB/irb-infrastructure-developers-ltd/
CGCL,capri-global-capital-ltd,257,https://trendlyne.com/equity/257/CGCL/capri-global-capital-ltd/
DATAPATTNS,data-patterns-india-ltd,755079,https://trendlyne.com/equity/755079/DATAPATTNS/data-patterns-india-ltd/
DEEPAKNTR,deepak-nitrite-ltd,318,https://trendlyne.com/equity/318/DEEPAKNTR/deepak-nitrite-ltd/
FORCEMOT,force-motors-ltd,2028,https://trendlyne.com/equity/2028/FORCEMOT/force-motors-ltd/
TIMKEN,timken-india-ltd,1399,https://trendlyne.com/equity/1399/TIMKEN/timken-india-ltd/
TENNIND,tenneco-clean-air-india-ltd,3321513,https://trendlyne.com/equity/3321513/TENNIND/tenneco-clean-air-india-ltd/
KPIL,kalpataru-projects-international-ltd,712,https://trendlyne.com/equity/712/KPIL/kalpataru-projects-international-ltd/
BELRISE,belrise-industries-ltd,3104419,https://trendlyne.com/equity/3104419/BELRISE/belrise-industries-ltd/
ASAHIINDIA,asahi-india-glass-ltd,107,https://trendlyne.com/equity/107/ASAHIINDIA/asahi-india-glass-ltd/
CUB,city-union-bank-ltd,295,https://trendlyne.com/equity/295/CUB/city-union-bank-ltd/
RBLBANK,rbl-bank-ltd,4685,https://trendlyne.com/equity/4685/RBLBANK/rbl-bank-ltd/
EMMVEE,emmvee-photovoltaic-power-ltd,3321511,https://trendlyne.com/equity/3321511/EMMVEE/emmvee-photovoltaic-power-ltd/
PFOCUS,prime-focus-ltd,1028,https://trendlyne.com/equity/1028/PFOCUS/prime-focus-ltd/
AADHARHFC,aadhar-housing-finance-ltd,2249184,https://trendlyne.com/equity/2249184/AADHARHFC/aadhar-housing-finance-ltd/
KAYNES,kaynes-technology-india-ltd,1124672,https://trendlyne.com/equity/1124672/KAYNES/kaynes-technology-india-ltd/
ANANTRAJ,anant-raj-ltd,78,https://trendlyne.com/equity/78/ANANTRAJ/anant-raj-ltd/
CESC,cesc-ltd,256,https://trendlyne.com/equity/256/CESC/cesc-ltd/
RAMCOCEM,the-ramco-cements-ltd,1103,https://trendlyne.com/equity/1103/RAMCOCEM/the-ramco-cements-ltd/
GRANULES,granules-india-ltd,488,https://trendlyne.com/equity/488/GRANULES/granules-india-ltd/
AFFLE,affle-3i-ltd,154217,https://trendlyne.com/equity/154217/AFFLE/affle-3i-ltd/
TATAELXSI,tata-elxsi-ltd,1358,https://trendlyne.com/equity/1358/TATAELXSI/tata-elxsi-ltd/
IGL,indraprastha-gas-ltd,596,https://trendlyne.com/equity/596/IGL/indraprastha-gas-ltd/
REDINGTON,redington-ltd,1120,https://trendlyne.com/equity/1120/REDINGTON/redington-ltd/
PFIZER,pfizer-ltd,1027,https://trendlyne.com/equity/1027/PFIZER/pfizer-ltd/
EIHOTEL,eih-ltd,363,https://trendlyne.com/equity/363/EIHOTEL/eih-ltd/
CARBORUNIV,carborundum-universal-ltd,238,https://trendlyne.com/equity/238/CARBORUNIV/carborundum-universal-ltd/
J&KBANK,jammu-kashmir-bank-ltd,653,https://trendlyne.com/equity/653/J&KBANK/jammu-kashmir-bank-ltd/
URBANCO,urban-company-ltd,3246538,https://trendlyne.com/equity/3246538/URBANCO/urban-company-ltd/
ERIS,eris-lifesciences-ltd,54899,https://trendlyne.com/equity/54899/ERIS/eris-lifesciences-ltd/
DEEPAKFERT,deepak-fertilisers-petrochemicals-corporation-ltd,317,https://trendlyne.com/equity/317/DEEPAKFERT/deepak-fertilisers-petrochemicals-corporation-ltd/
HBLENGINE,hbl-engineering-ltd,526,https://trendlyne.com/equity/526/HBLENGINE/hbl-engineering-ltd/
GESHIP,great-eastern-shipping-company-ltd,452,https://trendlyne.com/equity/452/GESHIP/great-eastern-shipping-company-ltd/
CAPLIPOINT,caplin-point-laboratories-ltd,237,https://trendlyne.com/equity/237/CAPLIPOINT/caplin-point-laboratories-ltd/
TRITURBINE,triveni-turbine-ltd,1418,https://trendlyne.com/equity/1418/TRITURBINE/triveni-turbine-ltd/
IFCI,ifci-ltd,593,https://trendlyne.com/equity/593/IFCI/ifci-ltd/
SAGILITY,sagility-ltd,2757688,https://trendlyne.com/equity/2757688/SAGILITY/sagility-ltd/
BAYERCROP,bayer-cropscience-ltd,169,https://trendlyne.com/equity/169/BAYERCROP/bayer-cropscience-ltd/
KAJARIACER,kajaria-ceramics-ltd,709,https://trendlyne.com/equity/709/KAJARIACER/kajaria-ceramics-ltd/
SUNTV,sun-tv-network-ltd,1318,https://trendlyne.com/equity/1318/SUNTV/sun-tv-network-ltd/
JSWCEMENT,jsw-cement-ltd,3207674,https://trendlyne.com/equity/3207674/JSWCEMENT/jsw-cement-ltd/
CAMS,computer-age-management-services-ltd,297909,https://trendlyne.com/equity/297909/CAMS/computer-age-management-services-ltd/
ELGIEQUIP,elgi-equipments-ltd,371,https://trendlyne.com/equity/371/ELGIEQUIP/elgi-equipments-ltd/
SAMMAANCAP,sammaan-capital-ltd,582,https://trendlyne.com/equity/582/SAMMAANCAP/sammaan-capital-ltd/
ONESOURCE,onesource-specialty-pharma-ltd,2948098,https://trendlyne.com/equity/2948098/ONESOURCE/onesource-specialty-pharma-ltd/
ZYDUSWELL,zydus-wellness-ltd,1550,https://trendlyne.com/equity/1550/ZYDUSWELL/zydus-wellness-ltd/
CHENNPETRO,chennai-petroleum-corporation-ltd,260,https://trendlyne.com/equity/260/CHENNPETRO/chennai-petroleum-corporation-ltd/
FSL,firstsource-solutions-ltd,428,https://trendlyne.com/equity/428/FSL/firstsource-solutions-ltd/
BRIGADE,brigade-enterprises-ltd,219,https://trendlyne.com/equity/219/BRIGADE/brigade-enterprises-ltd/
GMDCLTD,gujarat-mineral-development-corporation-ltd,471,https://trendlyne.com/equity/471/GMDCLTD/gujarat-mineral-development-corporation-ltd/
CHALET,chalet-hotels-ltd,127257,https://trendlyne.com/equity/127257/CHALET/chalet-hotels-ltd/
CASTROLIND,castrol-india-ltd,241,https://trendlyne.com/equity/241/CASTROLIND/castrol-india-ltd/
ATUL,atul-ltd,129,https://trendlyne.com/equity/129/ATUL/atul-ltd/
JYOTICNC,jyoti-cnc-automation-ltd,1873481,https://trendlyne.com/equity/1873481/JYOTICNC/jyoti-cnc-automation-ltd/
CHOICEIN,choice-international-ltd,3559,https://trendlyne.com/equity/3559/CHOICEIN/choice-international-ltd/
VTL,vardhman-textiles-ltd,1504,https://trendlyne.com/equity/1504/VTL/vardhman-textiles-ltd/
ECLERX,eclerx-services-ltd,356,https://trendlyne.com/equity/356/ECLERX/eclerx-services-ltd/
AARTIIND,aarti-industries-ltd,14,https://trendlyne.com/equity/14/AARTIIND/aarti-industries-ltd/
SARDAEN,sarda-energy-minerals-ltd,1184,https://trendlyne.com/equity/1184/SARDAEN/sarda-energy-minerals-ltd/
CIEINDIA,cie-automotive-india-ltd,816,https://trendlyne.com/equity/816/CIEINDIA/cie-automotive-india-ltd/
OLAELEC,ola-electric-mobility-ltd,2484734,https://trendlyne.com/equity/2484734/OLAELEC/ola-electric-mobility-ltd/
CHAMBLFERT,chambal-fertilisers-chemicals-ltd,258,https://trendlyne.com/equity/258/CHAMBLFERT/chambal-fertilisers-chemicals-ltd/
TATACHEM,tata-chemicals-ltd,1355,https://trendlyne.com/equity/1355/TATACHEM/tata-chemicals-ltd/
EMAMILTD,emami-ltd,374,https://trendlyne.com/equity/374/EMAMILTD/emami-ltd/
PGEL,pg-electroplast-ltd,1031,https://trendlyne.com/equity/1031/PGEL/pg-electroplast-ltd/
PINELABS,pine-labs-ltd,3317555,https://trendlyne.com/equity/3317555/PINELABS/pine-labs-ltd/
ABDL,allied-blenders-distillers-ltd,2365668,https://trendlyne.com/equity/2365668/ABDL/allied-blenders-distillers-ltd/
NATCOPHARM,natco-pharma-ltd,908,https://trendlyne.com/equity/908/NATCOPHARM/natco-pharma-ltd/
POLYMED,poly-medicure-ltd,1053,https://trendlyne.com/equity/1053/POLYMED/poly-medicure-ltd/
TRAVELFOOD,travel-food-services-ltd,3157934,https://trendlyne.com/equity/3157934/TRAVELFOOD/travel-food-services-ltd/
COHANCE,cohance-lifesciences-ltd,191143,https://trendlyne.com/equity/191143/COHANCE/cohance-lifesciences-ltd/
SYNGENE,syngene-international-ltd,1771,https://trendlyne.com/equity/1771/SYNGENE/syngene-international-ltd/
JINDALSAW,jindal-saw-ltd,676,https://trendlyne.com/equity/676/JINDALSAW/jindal-saw-ltd/
FIVESTAR,five-star-business-finance-ltd,1114733,https://trendlyne.com/equity/1114733/FIVESTAR/five-star-business-finance-ltd/
CROMPTON,crompton-greaves-consumer-electricals-ltd,2020,https://trendlyne.com/equity/2020/CROMPTON/crompton-greaves-consumer-electricals-ltd/
NAVA,nava-ltd,917,https://trendlyne.com/equity/917/NAVA/nava-ltd/
ARE&M,amara-raja-energy-mobility-ltd,68,https://trendlyne.com/equity/68/ARE&M/amara-raja-energy-mobility-ltd/
GPIL,godawari-power-ispat-ltd,486,https://trendlyne.com/equity/486/GPIL/godawari-power-ispat-ltd/
ZENTEC,zen-technologies-ltd,1580,https://trendlyne.com/equity/1580/ZENTEC/zen-technologies-ltd/
THELEELA,leela-palaces-hotels-resorts-ltd,3110331,https://trendlyne.com/equity/3110331/THELEELA/leela-palaces-hotels-resorts-ltd/
MINDACORP,minda-corporation-ltd,863,https://trendlyne.com/equity/863/MINDACORP/minda-corporation-ltd/
BIKAJI,bikaji-foods-international-ltd,1110875,https://trendlyne.com/equity/1110875/BIKAJI/bikaji-foods-international-ltd/
ABREL,aditya-birla-real-estate-ltd,253,https://trendlyne.com/equity/253/ABREL/aditya-birla-real-estate-ltd/
DCMSHRIRAM,dcm-shriram-ltd,313,https://trendlyne.com/equity/313/DCMSHRIRAM/dcm-shriram-ltd/
CCL,ccl-products-india-ltd,243,https://trendlyne.com/equity/243/CCL/ccl-products-india-ltd/
JUBLPHARMA,jubilant-pharmova-ltd,700,https://trendlyne.com/equity/700/JUBLPHARMA/jubilant-pharmova-ltd/
WELSPUNLIV,welspun-living-ltd,1518,https://trendlyne.com/equity/1518/WELSPUNLIV/welspun-living-ltd/
TBOTEK,tbo-tek-ltd,2245414,https://trendlyne.com/equity/2245414/TBOTEK/tbo-tek-ltd/
NIVABUPA,niva-bupa-health-insurance-company-ltd,2768807,https://trendlyne.com/equity/2768807/NIVABUPA/niva-bupa-health-insurance-company-ltd/
JBMA,jbm-auto-ltd,667,https://trendlyne.com/equity/667/JBMA/jbm-auto-ltd/
SOBHA,sobha-ltd,1261,https://trendlyne.com/equity/1261/SOBHA/sobha-ltd/
KPITTECH,kpit-technologies-ltd,141324,https://trendlyne.com/equity/141324/KPITTECH/kpit-technologies-ltd/
FINCABLES,finolex-cables-ltd,416,https://trendlyne.com/equity/416/FINCABLES/finolex-cables-ltd/
KFINTECH,kfin-technologies-ltd,1253626,https://trendlyne.com/equity/1253626/KFINTECH/kfin-technologies-ltd/
USHAMART,usha-martin-ltd,1456,https://trendlyne.com/equity/1456/USHAMART/usha-martin-ltd/
RAINBOW,rainbow-childrens-medicare-ltd,877862,https://trendlyne.com/equity/877862/RAINBOW/rainbow-childrens-medicare-ltd/
APTUS,aptus-value-housing-finance-india-ltd,623876,https://trendlyne.com/equity/623876/APTUS/aptus-value-housing-finance-india-ltd/
IGIL,international-gemological-institute-ltd,2845097,https://trendlyne.com/equity/2845097/IGIL/international-gemological-institute-ltd/
BEML,beml-ltd,176,https://trendlyne.com/equity/176/BEML/beml-ltd/
HONASA,honasa-consumer-ltd,1769048,https://trendlyne.com/equity/1769048/HONASA/honasa-consumer-ltd/
CANHLIFE,canara-hsbc-life-insurance-company-ltd,3286107,https://trendlyne.com/equity/3286107/CANHLIFE/canara-hsbc-life-insurance-company-ltd/
PARADEEP,paradeep-phosphates-ltd,895889,https://trendlyne.com/equity/895889/PARADEEP/paradeep-phosphates-ltd/
ANURAS,anupam-rasayan-india-ltd,445360,https://trendlyne.com/equity/445360/ANURAS/anupam-rasayan-india-ltd/
GALLANTT,gallantt-ispat-ltd,433,https://trendlyne.com/equity/433/GALLANTT/gallantt-ispat-ltd/
CONCORDBIO,concord-biotech-ltd,1587026,https://trendlyne.com/equity/1587026/CONCORDBIO/concord-biotech-ltd/
DOMS,doms-industries-ltd,1819409,https://trendlyne.com/equity/1819409/DOMS/doms-industries-ltd/
CEATLTD,ceat-ltd,244,https://trendlyne.com/equity/244/CEATLTD/ceat-ltd/
VIJAYA,vijaya-diagnostic-centre-ltd,644314,https://trendlyne.com/equity/644314/VIJAYA/vijaya-diagnostic-centre-ltd/
DEVYANI,devyani-international-ltd,616664,https://trendlyne.com/equity/616664/DEVYANI/devyani-international-ltd/
INOXWIND,inox-wind-ltd,1627,https://trendlyne.com/equity/1627/INOXWIND/inox-wind-ltd/
SPLPETRO,supreme-petrochem-ltd,1322,https://trendlyne.com/equity/1322/SPLPETRO/supreme-petrochem-ltd/
EIDPARRY,eid-parry-india-ltd,361,https://trendlyne.com/equity/361/EIDPARRY/eid-parry-india-ltd/
JSWDULUX,jsw-dulux-ltd,52,https://trendlyne.com/equity/52/JSWDULUX/jsw-dulux-ltd/
HOMEFIRST,home-first-finance-company-india-ltd,407835,https://trendlyne.com/equity/407835/HOMEFIRST/home-first-finance-company-india-ltd/
GRAVITA,gravita-india-ltd,491,https://trendlyne.com/equity/491/GRAVITA/gravita-india-ltd/
LTFOODS,lt-foods-ltd,302,https://trendlyne.com/equity/302/LTFOODS/lt-foods-ltd/
CARTRADE,cartrade-tech-ltd,621767,https://trendlyne.com/equity/621767/CARTRADE/cartrade-tech-ltd/
PCBL,pcbl-chemical-ltd,1034,https://trendlyne.com/equity/1034/PCBL/pcbl-chemical-ltd/
KEC,kec-international-ltd,727,https://trendlyne.com/equity/727/KEC/kec-international-ltd/
BALRAMCHIN,balrampur-chini-mills-ltd,157,https://trendlyne.com/equity/157/BALRAMCHIN/balrampur-chini-mills-ltd/
NUVOCO,nuvoco-vistas-corporation-ltd,622855,https://trendlyne.com/equity/622855/NUVOCO/nuvoco-vistas-corporation-ltd/
SCI,shipping-corporation-of-india-ltd,1196,https://trendlyne.com/equity/1196/SCI/shipping-corporation-of-india-ltd/
ENGINERSIN,engineers-india-ltd,380,https://trendlyne.com/equity/380/ENGINERSIN/engineers-india-ltd/
TRIDENT,trident-ltd,1415,https://trendlyne.com/equity/1415/TRIDENT/trident-ltd/
NSLNISP,nmdc-steel-ltd,1368720,https://trendlyne.com/equity/1368720/NSLNISP/nmdc-steel-ltd/
INDIACEM,india-cements-ltd,607,https://trendlyne.com/equity/607/INDIACEM/india-cements-ltd/
GRAPHITE,graphite-india-ltd,489,https://trendlyne.com/equity/489/GRAPHITE/graphite-india-ltd/
ACE,action-construction-equipment-ltd,24,https://trendlyne.com/equity/24/ACE/action-construction-equipment-ltd/
TEGA,tega-industries-ltd,743298,https://trendlyne.com/equity/743298/TEGA/tega-industries-ltd/
INDGN,indegene-ltd,2242832,https://trendlyne.com/equity/2242832/INDGN/indegene-ltd/
JUBLINGREA,jubilant-ingrevia-ltd,450809,https://trendlyne.com/equity/450809/JUBLINGREA/jubilant-ingrevia-ltd/
JPPOWER,jaiprakash-power-ventures-ltd,695,https://trendlyne.com/equity/695/JPPOWER/jaiprakash-power-ventures-ltd/
IRCON,ircon-international-ltd,109297,https://trendlyne.com/equity/109297/IRCON/ircon-international-ltd/
AAVAS,aavas-financiers-ltd,106807,https://trendlyne.com/equity/106807/AAVAS/aavas-financiers-ltd/
TECHNOE,techno-electric-engineering-company-ltd,118204,https://trendlyne.com/equity/118204/TECHNOE/techno-electric-engineering-company-ltd/
JMFINANCIL,jm-financial-ltd,689,https://trendlyne.com/equity/689/JMFINANCIL/jm-financial-ltd/
UTIAMC,uti-asset-management-company-ltd,305194,https://trendlyne.com/equity/305194/UTIAMC/uti-asset-management-company-ltd/
ZENSARTECH,zensar-technologies-ltd,1544,https://trendlyne.com/equity/1544/ZENSARTECH/zensar-technologies-ltd/
HEG,heg-ltd,535,https://trendlyne.com/equity/535/HEG/heg-ltd/
ABLBL,aditya-birla-lifestyle-brands-ltd,3148199,https://trendlyne.com/equity/3148199/ABLBL/aditya-birla-lifestyle-brands-ltd/
BLUEDART,blue-dart-express-ltd,208,https://trendlyne.com/equity/208/BLUEDART/blue-dart-express-ltd/
INDIAMART,indiamart-intermesh-ltd,149049,https://trendlyne.com/equity/149049/INDIAMART/indiamart-intermesh-ltd/
JKTYRE,jk-tyre-industries-ltd,687,https://trendlyne.com/equity/687/JKTYRE/jk-tyre-industries-ltd/
TITAGARH,titagarh-rail-systems-ltd,1434,https://trendlyne.com/equity/1434/TITAGARH/titagarh-rail-systems-ltd/
JAINREC,jain-resource-recycling-ltd,3267507,https://trendlyne.com/equity/3267507/JAINREC/jain-resource-recycling-ltd/
SIGNATURE,signatureglobal-india-ltd,1696785,https://trendlyne.com/equity/1696785/SIGNATURE/signatureglobal-india-ltd/
OLECTRA,olectra-greentech-ltd,484,https://trendlyne.com/equity/484/OLECTRA/olectra-greentech-ltd/
IEX,indian-energy-exchange-ltd,63143,https://trendlyne.com/equity/63143/IEX/indian-energy-exchange-ltd/
CANFINHOME,can-fin-homes-ltd,234,https://trendlyne.com/equity/234/CANFINHOME/can-fin-homes-ltd/
FIRSTCRY,brainbees-solutions-ltd,2487439,https://trendlyne.com/equity/2487439/FIRSTCRY/brainbees-solutions-ltd/
JWL,jupiter-wagons-ltd,245,https://trendlyne.com/equity/245/JWL/jupiter-wagons-ltd/
MGL,mahanagar-gas-ltd,4581,https://trendlyne.com/equity/4581/MGL/mahanagar-gas-ltd/
AFCONS,afcons-infrastructure-ltd,2734936,https://trendlyne.com/equity/2734936/AFCONS/afcons-infrastructure-ltd/
INTELLECT,intellect-design-arena-ltd,1553,https://trendlyne.com/equity/1553/INTELLECT/intellect-design-arena-ltd/
RITES,rites-ltd,92280,https://trendlyne.com/equity/92280/RITES/rites-ltd/
SBFC,sbfc-finance-ltd,1578900,https://trendlyne.com/equity/1578900/SBFC/sbfc-finance-ltd/
RKFORGE,ramkrishna-forgings-ltd,1140,https://trendlyne.com/equity/1140/RKFORGE/ramkrishna-forgings-ltd/
BBTC,the-bombay-burmah-trading-corporation-ltd,171,https://trendlyne.com/equity/171/BBTC/the-bombay-burmah-trading-corporation-ltd/
ZEEL,zee-entertainment-enterprises-ltd,1537,https://trendlyne.com/equity/1537/ZEEL/zee-entertainment-enterprises-ltd/
BLUEJET,blue-jet-healthcare-ltd,1761328,https://trendlyne.com/equity/1761328/BLUEJET/blue-jet-healthcare-ltd/
ELECON,elecon-engineering-company-ltd,367,https://trendlyne.com/equity/367/ELECON/elecon-engineering-company-ltd/
RPOWER,reliance-power-ltd,1149,https://trendlyne.com/equity/1149/RPOWER/reliance-power-ltd/
SAREGAMA,saregama-india-ltd,1185,https://trendlyne.com/equity/1185/SAREGAMA/saregama-india-ltd/
PVRINOX,pvr-inox-ltd,1087,https://trendlyne.com/equity/1087/PVRINOX/pvr-inox-ltd/
WHIRLPOOL,whirlpool-of-india-ltd,1521,https://trendlyne.com/equity/1521/WHIRLPOOL/whirlpool-of-india-ltd/
SWANCORP,swan-corp-ltd,1338,https://trendlyne.com/equity/1338/SWANCORP/swan-corp-ltd/
BLS,bls-international-services-ltd,4751,https://trendlyne.com/equity/4751/BLS/bls-international-services-ltd/
TEJASNET,tejas-networks-ltd,54898,https://trendlyne.com/equity/54898/TEJASNET/tejas-networks-ltd/
TARIL,transformers-rectifiers-india-ltd,1417,https://trendlyne.com/equity/1417/TARIL/transformers-rectifiers-india-ltd/
MMTC,mmtc-ltd,869,https://trendlyne.com/equity/869/MMTC/mmtc-ltd/
RAILTEL,railtel-corporation-of-india-ltd,424520,https://trendlyne.com/equity/424520/RAILTEL/railtel-corporation-of-india-ltd/
CYIENT,cyient-ltd,301,https://trendlyne.com/equity/301/CYIENT/cyient-ltd/
BATAINDIA,bata-india-ltd,168,https://trendlyne.com/equity/168/BATAINDIA/bata-india-ltd/
LEMONTREE,lemon-tree-hotels-ltd,81513,https://trendlyne.com/equity/81513/LEMONTREE/lemon-tree-hotels-ltd/
NCC,ncc-ltd,918,https://trendlyne.com/equity/918/NCC/ncc-ltd/
SONATSOFTW,sonata-software-ltd,1267,https://trendlyne.com/equity/1267/SONATSOFTW/sonata-software-ltd/
RHIM,rhi-magnesita-india-ltd,989,https://trendlyne.com/equity/989/RHIM/rhi-magnesita-india-ltd/
CLEAN,clean-science-technology-ltd,580869,https://trendlyne.com/equity/580869/CLEAN/clean-science-technology-ltd/
BSOFT,birlasoft-ltd,763,https://trendlyne.com/equity/763/BSOFT/birlasoft-ltd/
TTML,tata-teleservices-maharashtra-ltd,1423,https://trendlyne.com/equity/1423/TTML/tata-teleservices-maharashtra-ltd/
NEWGEN,newgen-software-technologies-ltd,73363,https://trendlyne.com/equity/73363/NEWGEN/newgen-software-technologies-ltd/
ABFRL,aditya-birla-fashion-and-retail-ltd,1029,https://trendlyne.com/equity/1029/ABFRL/aditya-birla-fashion-and-retail-ltd/
LATENTVIEW,latent-view-analytics-ltd,717540,https://trendlyne.com/equity/717540/LATENTVIEW/latent-view-analytics-ltd/
MAPMYINDIA,c-e-info-systems-ltd,750563,https://trendlyne.com/equity/750563/MAPMYINDIA/c-e-info-systems-ltd/
SAPPHIRE,sapphire-foods-india-ltd,716755,https://trendlyne.com/equity/716755/SAPPHIRE/sapphire-foods-india-ltd/
